"id","course_no","question_no","similarity","created_at"
1,332901,3,0.6923493918724926,2026-09-14 11:58:53.318
2,40565,3,0.6857664691477446,2026-09-14 11:58:53.318
3,333210,3,0.6738345361036769,2026-09-14 11:58:53.318
4,324217,5,0.7202167555444321,2026-09-14 11:58:53.318
5,330947,5,0.676280807122444,2026-09-14 11:58:53.318
6,326434,8,0.6760088023719845,2026-09-14 11:58:53.318
7,174004,9,0.6935603671673712,2026-09-14 11:58:53.318
8,324192,9,0.6804645045682829,2026-09-14 11:58:53.318
9,324139,9,0.679633996332402,2026-09-14 11:58:53.318
10,324139,11,0.6852085162710546,2026-09-14 11:58:53.318
11,174004,12,0.6872984785522409,2026-09-14 11:58:53.318
12,324139,12,0.6815414998523763,2026-09-14 11:58:53.318
13,40565,13,0.714111231732961,2026-09-14 11:58:53.318
14,332901,13,0.7093392665755588,2026-09-14 11:58:53.318
15,329808,13,0.6965046460610909,2026-09-14 11:58:53.318
16,329492,15,0.7632449926739192,2026-09-14 11:58:53.318
17,327819,15,0.7442726476522118,2026-09-14 11:58:53.318
18,326035,15,0.7245236111022348,2026-09-14 11:58:53.318
19,329551,18,0.6704371436410773,2026-09-14 11:58:53.318
20,326624,20,0.6823757865710819,2026-09-14 11:58:53.318
21,331149,21,0.6971179718124814,2026-09-14 11:58:53.318
22,324139,26,0.7436103244880938,2026-09-14 11:58:53.318
23,324192,26,0.734110724205692,2026-09-14 11:58:53.318
24,332506,26,0.7213873147095543,2026-09-14 11:58:53.318
25,333307,30,0.679586064303547,2026-09-14 11:58:53.318
26,149177,31,0.7010443471761904,2026-09-14 11:58:53.318
27,333095,31,0.6822892233091413,2026-09-14 11:58:53.318
28,330656,31,0.6760040614238494,2026-09-14 11:58:53.318
29,328348,34,0.7132462516674347,2026-09-14 11:58:53.318
30,331619,34,0.6958346530284615,2026-09-14 11:58:53.318
31,331149,35,0.7075081391869835,2026-09-14 11:58:53.318
32,333307,35,0.6999396002234469,2026-09-14 11:58:53.318
33,333276,35,0.6960936181145713,2026-09-14 11:58:53.318
34,328269,38,0.6767577472818469,2026-09-14 11:58:53.318
35,327672,39,0.7145319573849374,2026-09-14 11:58:53.318
36,332176,39,0.6894508421534505,2026-09-14 11:58:53.318
37,324947,44,0.6981157338160265,2026-09-14 11:58:53.318
38,328881,45,0.6837216512151667,2026-09-14 11:58:53.318
39,329013,47,0.6776863553312448,2026-09-14 11:58:53.318
40,329947,47,0.6758454222455691,2026-09-14 11:58:53.318
41,329987,47,0.6723724584147825,2026-09-14 11:58:53.318
42,329013,52,0.6925278658219228,2026-09-14 11:58:53.318
43,324178,52,0.6783197910887095,2026-09-14 11:58:53.318
44,324947,57,0.686060376961044,2026-09-14 11:58:53.318
45,331308,57,0.6773313127244006,2026-09-14 11:58:53.318
46,22513,62,0.6787281735321357,2026-09-14 11:58:53.318
47,332930,62,0.6767544724264807,2026-09-14 11:58:53.318
48,332930,63,0.6855258506295805,2026-09-14 11:58:53.318
49,22513,63,0.6785290646944768,2026-09-14 11:58:53.318
50,318520,63,0.6779512439304896,2026-09-14 11:58:53.318
51,328052,70,0.6765637316401094,2026-09-14 11:58:53.318
52,332930,79,0.6827243185139721,2026-09-14 11:58:53.318
53,22513,79,0.678161595438673,2026-09-14 11:58:53.318
54,332891,79,0.6764888204471495,2026-09-14 11:58:53.318
55,333388,84,0.6733250431146494,2026-09-14 11:58:53.318
56,333108,85,0.6971801442990194,2026-09-14 11:58:53.318
57,327598,85,0.6801991346428335,2026-09-14 11:58:53.318
58,329633,89,0.6827075027476396,2026-09-14 11:58:53.318
59,172546,89,0.6730739277642539,2026-09-14 11:58:53.318
60,327087,90,0.7049134356811114,2026-09-14 11:58:53.318
61,333108,91,0.7097561248773564,2026-09-14 11:58:53.318
62,333218,91,0.6945948974339415,2026-09-14 11:58:53.318
63,327577,91,0.6912468103097332,2026-09-14 11:58:53.318
64,40565,92,0.7106486304332985,2026-09-14 11:58:53.318
65,332901,92,0.6946005741707412,2026-09-14 11:58:53.318
66,329808,92,0.6901762924648117,2026-09-14 11:58:53.318
67,332901,102,0.7216426153541462,2026-09-14 11:58:53.318
68,40565,102,0.7190764848237825,2026-09-14 11:58:53.318
69,329808,102,0.6950409578371549,2026-09-14 11:58:53.318
70,324217,103,0.7460318140971781,2026-09-14 11:58:53.318
71,330947,103,0.7165928010491189,2026-09-14 11:58:53.318
72,330479,103,0.6701712646106395,2026-09-14 11:58:53.318
73,174004,104,0.6962566484574884,2026-09-14 11:58:53.318
74,324192,104,0.6778921304646662,2026-09-14 11:58:53.318
75,329551,108,0.688245899136877,2026-09-14 11:58:53.318
76,326063,109,0.6744881707514736,2026-09-14 11:58:53.318
77,326434,109,0.6738039143746866,2026-09-14 11:58:53.318
78,333210,110,0.7278958148293898,2026-09-14 11:58:53.318
79,331685,110,0.6775832472771571,2026-09-14 11:58:53.318
80,174004,113,0.7110662256417689,2026-09-14 11:58:53.318
81,333120,113,0.6927885859011286,2026-09-14 11:58:53.318
82,324139,113,0.6886544831827027,2026-09-14 11:58:53.318
83,329492,114,0.7183776325867188,2026-09-14 11:58:53.318
84,327819,114,0.7151279546859228,2026-09-14 11:58:53.318
85,326035,114,0.6982394025177038,2026-09-14 11:58:53.318
86,326652,115,0.6841711369296879,2026-09-14 11:58:53.318
87,326434,116,0.6791008356761488,2026-09-14 11:58:53.318
88,326063,116,0.6702624409849947,2026-09-14 11:58:53.318
89,329492,117,0.7339977813117535,2026-09-14 11:58:53.318
90,327819,117,0.7110042928842499,2026-09-14 11:58:53.318
91,324131,117,0.7025104624340223,2026-09-14 11:58:53.318
92,324139,120,0.7109556936059973,2026-09-14 11:58:53.318
93,324188,120,0.6973608888101842,2026-09-14 11:58:53.318
94,324192,120,0.6924821711738028,2026-09-14 11:58:53.318
95,333120,121,0.7618581924759853,2026-09-14 11:58:53.318
96,325361,121,0.7320125681513071,2026-09-14 11:58:53.318
97,330387,121,0.7270765270642063,2026-09-14 11:58:53.318
98,333307,122,0.7092928056323886,2026-09-14 11:58:53.318
99,331149,122,0.6791736075123365,2026-09-14 11:58:53.318
100,333276,122,0.6748558080319181,2026-09-14 11:58:53.318
101,330045,125,0.6915995018067799,2026-09-14 11:58:53.318
102,333199,125,0.6876878896344669,2026-09-14 11:58:53.318
103,328833,125,0.6790499980217835,2026-09-14 11:58:53.318
104,326783,128,0.6781571044282587,2026-09-14 11:58:53.318
105,330182,128,0.6741305926240186,2026-09-14 11:58:53.318
106,325404,128,0.6708017398886905,2026-09-14 11:58:53.318
107,332176,130,0.7068201938270411,2026-09-14 11:58:53.318
108,333051,130,0.6852788705702635,2026-09-14 11:58:53.318
109,331703,130,0.6820987424192457,2026-09-14 11:58:53.318
110,324178,142,0.6978504839444952,2026-09-14 11:58:53.318
111,329013,142,0.6972408437252046,2026-09-14 11:58:53.318
112,324947,142,0.6830521022556898,2026-09-14 11:58:53.318
113,332662,148,0.7003864608499474,2026-09-14 11:58:53.318
114,324178,148,0.6764950577473037,2026-09-14 11:58:53.318
115,324947,149,0.72392587169278,2026-09-14 11:58:53.318
116,324178,149,0.6868704872558735,2026-09-14 11:58:53.318
117,332662,149,0.6838767079169725,2026-09-14 11:58:53.318
118,329013,151,0.686932919404779,2026-09-14 11:58:53.318
119,328881,151,0.6704729368842454,2026-09-14 11:58:53.318
120,329013,152,0.7275197963537231,2026-09-14 11:58:53.318
121,329987,152,0.6968486055611167,2026-09-14 11:58:53.318
122,324178,152,0.6945000504943513,2026-09-14 11:58:53.318
123,324947,153,0.7212186518422635,2026-09-14 11:58:53.318
124,332662,153,0.6811829034472965,2026-09-14 11:58:53.318
125,324947,157,0.6967341611700099,2026-09-14 11:58:53.318
126,332930,162,0.6811139128670075,2026-09-14 11:58:53.318
127,332891,162,0.6714828777106692,2026-09-14 11:58:53.318
128,333153,163,0.6982281461577936,2026-09-14 11:58:53.318
129,325988,166,0.676870889364926,2026-09-14 11:58:53.318
130,324887,166,0.6758604788077993,2026-09-14 11:58:53.318
131,333308,166,0.6752389302953485,2026-09-14 11:58:53.318
132,332930,176,0.6708225460704641,2026-09-14 11:58:53.318
133,332930,178,0.6767113058770434,2026-09-14 11:58:53.318
134,332380,180,0.686194822976277,2026-09-14 11:58:53.318
135,326007,189,0.6855174269479689,2026-09-14 11:58:53.318
136,333830,190,0.7198242945007726,2026-09-14 11:58:53.318
137,325850,190,0.6916591331788497,2026-09-14 11:58:53.318
138,332726,190,0.6768687216509931,2026-09-14 11:58:53.318
139,26980,192,0.6712783124236222,2026-09-14 11:58:53.318
140,325579,193,0.6934241564664554,2026-09-14 11:58:53.318
141,324949,193,0.6874911471139433,2026-09-14 11:58:53.318
142,324217,201,0.6936492503142875,2026-09-14 11:58:53.318
143,333210,203,0.6760620497516123,2026-09-14 11:58:53.318
144,330374,203,0.672298699596221,2026-09-14 11:58:53.318
145,174004,205,0.6758044114306684,2026-09-14 11:58:53.318
146,324217,207,0.7436999933670632,2026-09-14 11:58:53.318
147,330947,207,0.7092686933498755,2026-09-14 11:58:53.318
148,324139,208,0.67146331271213,2026-09-14 11:58:53.318
149,174004,211,0.7284562141839015,2026-09-14 11:58:53.318
150,324139,211,0.7130699942300878,2026-09-14 11:58:53.318
151,327162,211,0.7117398200471434,2026-09-14 11:58:53.318
152,326434,212,0.7014917679011579,2026-09-14 11:58:53.318
153,326391,212,0.6822575564422004,2026-09-14 11:58:53.318
154,329166,212,0.6769416943643876,2026-09-14 11:58:53.318
155,327819,213,0.7311502270765484,2026-09-14 11:58:53.318
156,329492,213,0.7158639544647839,2026-09-14 11:58:53.318
157,326035,213,0.6874079913861434,2026-09-14 11:58:53.318
158,40565,214,0.7225873986118859,2026-09-14 11:58:53.318
159,332901,214,0.7129148353237514,2026-09-14 11:58:53.318
160,329808,214,0.69243765552029,2026-09-14 11:58:53.318
161,327162,217,0.713211211853553,2026-09-14 11:58:53.318
162,174004,217,0.6911836756048413,2026-09-14 11:58:53.318
163,333120,217,0.6823525960299169,2026-09-14 11:58:53.318
164,332441,221,0.6703285229022252,2026-09-14 11:58:53.318
165,331842,223,0.6848844466955535,2026-09-14 11:58:53.318
166,331159,223,0.677792039471979,2026-09-14 11:58:53.318
167,333307,225,0.682506712189552,2026-09-14 11:58:53.318
168,332176,226,0.711049015919763,2026-09-14 11:58:53.318
169,327672,226,0.6844444515551771,2026-09-14 11:58:53.318
170,331703,226,0.6785076400224374,2026-09-14 11:58:53.318
171,331149,231,0.722479470020592,2026-09-14 11:58:53.318
172,333276,231,0.6825134062248457,2026-09-14 11:58:53.318
173,332221,231,0.6784365881777924,2026-09-14 11:58:53.318
174,332750,237,0.6721441397394208,2026-09-14 11:58:53.318
175,324947,248,0.7046700991734244,2026-09-14 11:58:53.318
176,332603,250,0.6833840897289989,2026-09-14 11:58:53.318
177,332662,252,0.6783353032249748,2026-09-14 11:58:53.318
178,324178,252,0.6769272915652127,2026-09-14 11:58:53.318
179,324188,253,0.6854875541905276,2026-09-14 11:58:53.318
180,329013,254,0.7068171957373948,2026-09-14 11:58:53.318
181,324971,254,0.6982212073354841,2026-09-14 11:58:53.318
182,324178,254,0.6932427689428593,2026-09-14 11:58:53.318
183,324188,255,0.6812833410529293,2026-09-14 11:58:53.318
184,326826,263,0.6790726467456715,2026-09-14 11:58:53.318
185,324532,269,0.7007528950147609,2026-09-14 11:58:53.318
186,324532,270,0.6991704623482152,2026-09-14 11:58:53.318
187,324078,270,0.6727931042560116,2026-09-14 11:58:53.318
188,332930,271,0.6707409485041282,2026-09-14 11:58:53.318
189,328054,272,0.7197299518492821,2026-09-14 11:58:53.318
190,326646,272,0.6897627099266914,2026-09-14 11:58:53.318
191,329029,272,0.6856159180854553,2026-09-14 11:58:53.318
192,318520,279,0.6891060568648327,2026-09-14 11:58:53.318
193,327470,279,0.6788825582997611,2026-09-14 11:58:53.318
194,22513,279,0.6774256761650972,2026-09-14 11:58:53.318
195,331668,284,0.6921598607073143,2026-09-14 11:58:53.318
196,333108,286,0.7015179165619412,2026-09-14 11:58:53.318
197,327598,286,0.684917174802042,2026-09-14 11:58:53.318
198,324577,288,0.783188951030517,2026-09-14 11:58:53.318
199,324949,288,0.7777665601612788,2026-09-14 11:58:53.318
200,326041,288,0.7549967807306389,2026-09-14 11:58:53.318
201,325936,289,0.6735089311755336,2026-09-14 11:58:53.318
202,327854,295,0.6767738847056478,2026-09-14 11:58:53.318
203,38769,300,0.6702271938749531,2026-09-14 11:58:53.318
204,330947,302,0.6747539229671904,2026-09-14 11:58:53.318
205,330947,303,0.6951418737764352,2026-09-14 11:58:53.318
206,324217,303,0.6719999435100005,2026-09-14 11:58:53.318
207,324192,304,0.6717962662441254,2026-09-14 11:58:53.318
208,174004,305,0.6703269234713286,2026-09-14 11:58:53.318
209,329492,306,0.7609313075338586,2026-09-14 11:58:53.318
210,327819,306,0.7337610194363384,2026-09-14 11:58:53.318
211,29421,306,0.7287074632682501,2026-09-14 11:58:53.318
212,330947,307,0.6991027166089206,2026-09-14 11:58:53.318
213,324217,307,0.6990612658476428,2026-09-14 11:58:53.318
214,324139,311,0.6928143185051701,2026-09-14 11:58:53.318
215,324192,311,0.689762622222589,2026-09-14 11:58:53.318
216,174004,311,0.6793156177816928,2026-09-14 11:58:53.318
217,329551,314,0.6748832124529454,2026-09-14 11:58:53.318
218,326007,318,0.7046542775539307,2026-09-14 11:58:53.318
219,327819,319,0.7277160167821426,2026-09-14 11:58:53.318
220,329492,319,0.7161155892855919,2026-09-14 11:58:53.318
221,326035,319,0.710123892291516,2026-09-14 11:58:53.318
222,331149,322,0.6898617019331567,2026-09-14 11:58:53.318
223,330479,323,0.6755403164690313,2026-09-14 11:58:53.318
224,333307,325,0.6833354410181832,2026-09-14 11:58:53.318
225,332441,326,0.7219745206259782,2026-09-14 11:58:53.318
226,333266,329,0.6976922844451844,2026-09-14 11:58:53.318
227,194516,329,0.6906016494116853,2026-09-14 11:58:53.318
228,333355,329,0.6760765910133676,2026-09-14 11:58:53.318
229,333120,336,0.7305806463228546,2026-09-14 11:58:53.318
230,325361,336,0.728320419485766,2026-09-14 11:58:53.318
231,330387,336,0.7222036375688953,2026-09-14 11:58:53.318
232,330479,338,0.6761799989500361,2026-09-14 11:58:53.318
233,324947,343,0.7278075837325335,2026-09-14 11:58:53.318
234,331308,343,0.6973415640695997,2026-09-14 11:58:53.318
235,329987,343,0.6830620915769288,2026-09-14 11:58:53.318
236,324971,344,0.6768148967626438,2026-09-14 11:58:53.318
237,329013,345,0.7134852086075595,2026-09-14 11:58:53.318
238,324971,345,0.6893687115977434,2026-09-14 11:58:53.318
239,324178,345,0.6783945917213818,2026-09-14 11:58:53.318
240,329643,347,0.6897197438547132,2026-09-14 11:58:53.318
241,324947,350,0.6905829554062878,2026-09-14 11:58:53.318
242,324178,350,0.6885898214090387,2026-09-14 11:58:53.318
243,329013,350,0.6826437469361235,2026-09-14 11:58:53.318
244,324178,355,0.688323599915244,2026-09-14 11:58:53.318
245,329013,355,0.6837831611925419,2026-09-14 11:58:53.318
246,324971,355,0.6724729482757166,2026-09-14 11:58:53.318
247,324188,359,0.6979908635464693,2026-09-14 11:58:53.318
248,324532,366,0.7037614473153585,2026-09-14 11:58:53.318
249,327598,369,0.7058117527940179,2026-09-14 11:58:53.318
250,330831,369,0.6775216742230409,2026-09-14 11:58:53.318
251,330374,369,0.6735148833996015,2026-09-14 11:58:53.318
252,326838,370,0.6858047364272162,2026-09-14 11:58:53.318
253,332930,377,0.699161399087016,2026-09-14 11:58:53.318
254,332891,377,0.6877368678458374,2026-09-14 11:58:53.318
255,318520,377,0.6868669823799797,2026-09-14 11:58:53.318
256,327872,379,0.750238012040135,2026-09-14 11:58:53.318
257,152163,379,0.7363219032408168,2026-09-14 11:58:53.318
258,327862,379,0.7342336772718194,2026-09-14 11:58:53.318
259,326505,380,0.682643428148453,2026-09-14 11:58:53.318
260,329554,380,0.6729159260971519,2026-09-14 11:58:53.318
261,324217,383,0.7209016365354267,2026-09-14 11:58:53.318
262,330947,383,0.7095299539577778,2026-09-14 11:58:53.318
263,330479,383,0.6703186827375754,2026-09-14 11:58:53.318
264,330048,402,0.7074233064833981,2026-09-14 11:58:53.318
265,330367,402,0.6839154215460311,2026-09-14 11:58:53.318
266,174004,403,0.6828826882590451,2026-09-14 11:58:53.318
267,329492,404,0.7330237108788306,2026-09-14 11:58:53.318
268,327819,404,0.7239267583765879,2026-09-14 11:58:53.318
269,326035,404,0.7206236907483263,2026-09-14 11:58:53.318
270,333419,406,0.6745141965017589,2026-09-14 11:58:53.318
271,330947,407,0.6727929907904087,2026-09-14 11:58:53.318
272,329551,412,0.6747244833569211,2026-09-14 11:58:53.318
273,324131,415,0.712817135306574,2026-09-14 11:58:53.318
274,329492,415,0.7052617745788119,2026-09-14 11:58:53.318
275,327819,415,0.702394750078828,2026-09-14 11:58:53.318
276,174004,417,0.6918379585871448,2026-09-14 11:58:53.318
277,324139,417,0.6889807684288242,2026-09-14 11:58:53.318
278,327162,417,0.6888340878444859,2026-09-14 11:58:53.318
279,332901,418,0.6864818626851416,2026-09-14 11:58:53.318
280,40565,418,0.6837722656097526,2026-09-14 11:58:53.318
281,329551,419,0.7031708805978586,2026-09-14 11:58:53.318
282,332176,430,0.7101076597378484,2026-09-14 11:58:53.318
283,327672,430,0.7041277706850274,2026-09-14 11:58:53.318
284,331703,430,0.7038643160872269,2026-09-14 11:58:53.318
285,324947,441,0.6935722092918848,2026-09-14 11:58:53.318
286,332662,442,0.6701327377268024,2026-09-14 11:58:53.318
287,329643,443,0.6784227592949876,2026-09-14 11:58:53.318
288,332784,443,0.6762465256455218,2026-09-14 11:58:53.318
289,324188,443,0.6738516618811153,2026-09-14 11:58:53.318
290,332662,447,0.6837670873960401,2026-09-14 11:58:53.318
291,324947,451,0.6835839427118844,2026-09-14 11:58:53.318
292,329013,452,0.683949918083243,2026-09-14 11:58:53.318
293,324971,452,0.6839333612796761,2026-09-14 11:58:53.318
294,332662,452,0.6814552758816841,2026-09-14 11:58:53.318
295,324188,453,0.6854995020628856,2026-09-14 11:58:53.318
296,324947,457,0.682327128033477,2026-09-14 11:58:53.318
297,329013,458,0.7035422011505573,2026-09-14 11:58:53.318
298,324178,458,0.6949849668521441,2026-09-14 11:58:53.318
299,324971,458,0.6922655237638332,2026-09-14 11:58:53.318
300,330048,468,0.6743862580254162,2026-09-14 11:58:53.318
301,324078,468,0.6711749064743581,2026-09-14 11:58:53.318
302,324887,478,0.6713010800048973,2026-09-14 11:58:53.318
303,326833,478,0.6706592416751369,2026-09-14 11:58:53.318
304,318646,489,0.6771319052513292,2026-09-14 11:58:53.318
305,330837,489,0.675179468534645,2026-09-14 11:58:53.318
306,172836,489,0.6717592447029154,2026-09-14 11:58:53.318
307,330479,493,0.6707562132898331,2026-09-14 11:58:53.318
308,330479,496,0.6841414713529645,2026-09-14 11:58:53.318
309,329573,500,0.686442390798528,2026-09-14 11:58:53.318
310,174004,504,0.692110581540042,2026-09-14 11:58:53.318
311,327162,504,0.6738447809821839,2026-09-14 11:58:53.318
312,174004,505,0.6762510292214863,2026-09-14 11:58:53.318
313,329492,508,0.7536145396117148,2026-09-14 11:58:53.318
314,324131,508,0.7257478902289914,2026-09-14 11:58:53.318
315,327819,508,0.7175430537634742,2026-09-14 11:58:53.318
316,324217,515,0.6705523572266138,2026-09-14 11:58:53.318
317,330947,516,0.7017349646161938,2026-09-14 11:58:53.318
318,324217,516,0.6964876212377644,2026-09-14 11:58:53.318
319,40565,517,0.707684740219436,2026-09-14 11:58:53.318
320,333210,517,0.6873297203895181,2026-09-14 11:58:53.318
321,332901,517,0.6858471552067318,2026-09-14 11:58:53.318
322,327819,519,0.7358009183196573,2026-09-14 11:58:53.318
323,329492,519,0.6928879597613317,2026-09-14 11:58:53.318
324,29421,519,0.683812698613331,2026-09-14 11:58:53.318
325,333419,520,0.6750211028661772,2026-09-14 11:58:53.318
326,330479,520,0.6732317068330993,2026-09-14 11:58:53.318
327,329275,535,0.6897988730636452,2026-09-14 11:58:53.318
328,333701,535,0.6843271166318072,2026-09-14 11:58:53.318
329,330387,539,0.7399879298171688,2026-09-14 11:58:53.318
330,333120,539,0.7354873002686038,2026-09-14 11:58:53.318
331,325361,539,0.7159690640781459,2026-09-14 11:58:53.318
332,324178,542,0.6942429106336172,2026-09-14 11:58:53.318
333,329013,544,0.6925870608010612,2026-09-14 11:58:53.318
334,324178,547,0.6880926614289288,2026-09-14 11:58:53.318
335,329013,547,0.6802275736176582,2026-09-14 11:58:53.318
336,329013,549,0.6840610905932981,2026-09-14 11:58:53.318
337,324178,549,0.6773220584019068,2026-09-14 11:58:53.318
338,324178,550,0.6817554605835254,2026-09-14 11:58:53.318
339,332662,550,0.672600592781937,2026-09-14 11:58:53.318
340,324947,551,0.7103955156597725,2026-09-14 11:58:53.318
341,331308,551,0.7004986570548752,2026-09-14 11:58:53.318
342,329182,551,0.6859230281183983,2026-09-14 11:58:53.318
343,332662,554,0.6734548058045886,2026-09-14 11:58:53.318
344,329643,558,0.6827524399566902,2026-09-14 11:58:53.318
345,332930,579,0.688777388302624,2026-09-14 11:58:53.318
346,33440,579,0.6772628956420894,2026-09-14 11:58:53.318
347,22513,579,0.6745042472644935,2026-09-14 11:58:53.318
348,329573,592,0.6766444747928669,2026-09-14 11:58:53.318
349,327087,594,0.7431614226275624,2026-09-14 11:58:53.318
350,326007,599,0.6979840967703884,2026-09-14 11:58:53.318
351,330947,601,0.712948050945878,2026-09-14 11:58:53.318
352,324217,601,0.6757808705096541,2026-09-14 11:58:53.318
353,329492,602,0.7464172415455321,2026-09-14 11:58:53.318
354,326035,602,0.6974784132785151,2026-09-14 11:58:53.318
355,29421,602,0.6961976726418975,2026-09-14 11:58:53.318
356,332901,604,0.7282773659740225,2026-09-14 11:58:53.318
357,40565,604,0.714280589516527,2026-09-14 11:58:53.318
358,329808,604,0.6955772118241922,2026-09-14 11:58:53.318
359,329492,608,0.6883776530396927,2026-09-14 11:58:53.318
360,327819,608,0.6765681167037144,2026-09-14 11:58:53.318
361,326434,609,0.6863632455482626,2026-09-14 11:58:53.318
362,324139,613,0.6784913514667908,2026-09-14 11:58:53.318
363,327162,613,0.6745706861255507,2026-09-14 11:58:53.318
364,327819,615,0.7297095863816851,2026-09-14 11:58:53.318
365,329492,615,0.7289587610672495,2026-09-14 11:58:53.318
366,324131,615,0.6998445920483618,2026-09-14 11:58:53.318
367,174004,617,0.6792759934991667,2026-09-14 11:58:53.318
368,325969,617,0.6777390473742921,2026-09-14 11:58:53.318
369,330479,622,0.6911426818250528,2026-09-14 11:58:53.318
370,333120,624,0.7345633872095626,2026-09-14 11:58:53.318
371,330387,624,0.7188730012954948,2026-09-14 11:58:53.318
372,325361,624,0.7178691091025601,2026-09-14 11:58:53.318
373,333095,631,0.6849098434177677,2026-09-14 11:58:53.318
374,331149,636,0.6876917491346738,2026-09-14 11:58:53.318
375,332662,644,0.679416879514625,2026-09-14 11:58:53.318
376,324947,644,0.6753428473159828,2026-09-14 11:58:53.318
377,324188,650,0.6743455801933932,2026-09-14 11:58:53.318
378,324178,655,0.703322641187394,2026-09-14 11:58:53.318
379,329013,655,0.7001316423913843,2026-09-14 11:58:53.318
380,324971,655,0.6906476363731833,2026-09-14 11:58:53.318
381,324178,658,0.6769805816365213,2026-09-14 11:58:53.318
382,329013,658,0.672353308280124,2026-09-14 11:58:53.318
383,330713,662,0.6710732302668795,2026-09-14 11:58:53.318
384,243266,662,0.6710350842319347,2026-09-14 11:58:53.318
385,327827,663,0.680161189498491,2026-09-14 11:58:53.318
386,328680,668,0.681766674952788,2026-09-14 11:58:53.318
387,327744,668,0.6787976852303839,2026-09-14 11:58:53.318
388,330048,669,0.6792151768582008,2026-09-14 11:58:53.318
389,324532,674,0.6902660327080455,2026-09-14 11:58:53.318
390,326828,675,0.6703267692502447,2026-09-14 11:58:53.318
391,333468,676,0.6832783206328588,2026-09-14 11:58:53.318
392,326826,676,0.6765811317974149,2026-09-14 11:58:53.318
393,329596,676,0.6739332670998702,2026-09-14 11:58:53.318
394,332891,680,0.6735392097665293,2026-09-14 11:58:53.318
395,324139,703,0.7200735669653241,2026-09-14 11:58:53.318
396,324192,703,0.7061512961350956,2026-09-14 11:58:53.318
397,174004,703,0.7041999247342875,2026-09-14 11:58:53.318
398,331322,705,0.6880845446510456,2026-09-14 11:58:53.318
399,332441,705,0.6832873218054571,2026-09-14 11:58:53.318
400,329492,707,0.7137383303532022,2026-09-14 11:58:53.318
401,327819,707,0.7018214261729334,2026-09-14 11:58:53.318
402,326035,707,0.6719109693659303,2026-09-14 11:58:53.318
403,326434,710,0.6809238027686974,2026-09-14 11:58:53.318
404,329551,712,0.671753601649532,2026-09-14 11:58:53.318
405,324217,713,0.6939615038526087,2026-09-14 11:58:53.318
406,330947,713,0.6829176618734185,2026-09-14 11:58:53.318
407,174004,716,0.6998045654850044,2026-09-14 11:58:53.318
408,324139,716,0.6768543597241787,2026-09-14 11:58:53.318
409,333307,722,0.6721123843206378,2026-09-14 11:58:53.318
410,149177,735,0.6871498339937809,2026-09-14 11:58:53.318
411,330656,735,0.6814240973627657,2026-09-14 11:58:53.318
412,329013,741,0.7153109724488292,2026-09-14 11:58:53.318
413,324178,741,0.7146473915646058,2026-09-14 11:58:53.318
414,324971,741,0.6965386944436498,2026-09-14 11:58:53.318
415,332662,744,0.6822848059995092,2026-09-14 11:58:53.318
416,324947,749,0.702054129079173,2026-09-14 11:58:53.318
417,324178,749,0.6891917239340889,2026-09-14 11:58:53.318
418,329182,749,0.689179697172716,2026-09-14 11:58:53.318
419,329013,755,0.715081594892312,2026-09-14 11:58:53.318
420,324178,755,0.713124875785646,2026-09-14 11:58:53.318
421,324971,755,0.703261069626701,2026-09-14 11:58:53.318
422,324078,763,0.6788036146843275,2026-09-14 11:58:53.318
423,326220,766,0.6704820530652611,2026-09-14 11:58:53.318
424,328138,775,0.6706020761243098,2026-09-14 11:58:53.318
425,332930,778,0.6766046210380385,2026-09-14 11:58:53.318
426,326778,786,0.6745332979605175,2026-09-14 11:58:53.318
427,328269,786,0.6735809149971569,2026-09-14 11:58:53.318
428,221705,786,0.6720600140482903,2026-09-14 11:58:53.318
429,326007,792,0.7074636042049105,2026-09-14 11:58:53.318
430,329573,793,0.6843903578602055,2026-09-14 11:58:53.318
431,333389,800,0.6736865365103826,2026-09-14 11:58:53.318
432,327854,807,0.7215636229308041,2026-09-14 11:58:53.318
433,303220,824,0.6889629313750252,2026-09-14 11:58:53.318
434,328521,839,0.6719197697802847,2026-09-14 11:58:53.318
435,324577,846,0.7082884127858956,2026-09-14 11:58:53.318
436,324949,846,0.7050278216864261,2026-09-14 11:58:53.318
437,326041,846,0.6880028042413755,2026-09-14 11:58:53.318
438,327087,853,0.7644456405227914,2026-09-14 11:58:53.318
439,330444,853,0.6837157740406157,2026-09-14 11:58:53.318
440,325984,855,0.702238870223705,2026-09-14 11:58:53.318
441,38528,855,0.6824539583499213,2026-09-14 11:58:53.318
442,332662,857,0.6899580104624411,2026-09-14 11:58:53.318
443,324178,857,0.672170923576951,2026-09-14 11:58:53.318
444,329987,857,0.6704723157914642,2026-09-14 11:58:53.318
445,329573,863,0.6958547556897424,2026-09-14 11:58:53.318
446,333388,863,0.6732700817502257,2026-09-14 11:58:53.318
447,332955,882,0.7180871798297344,2026-09-14 11:58:53.318
448,328754,882,0.7140716807064754,2026-09-14 11:58:53.318
449,326985,882,0.6990314709384627,2026-09-14 11:58:53.318
450,328940,890,0.7002488200145011,2026-09-14 11:58:53.318
451,327166,890,0.6974426052850966,2026-09-14 11:58:53.318
452,333390,890,0.6941494790982559,2026-09-14 11:58:53.318
453,328521,892,0.7008882608550048,2026-09-14 11:58:53.318
454,333389,892,0.6727344630668464,2026-09-14 11:58:53.318
455,327016,894,0.6826696882151365,2026-09-14 11:58:53.318
456,328521,897,0.6858010272250042,2026-09-14 11:58:53.318
457,327854,904,0.6798719236796587,2026-09-14 11:58:53.318
458,333389,906,0.6822540535724853,2026-09-14 11:58:53.318
459,329633,908,0.7023930101183066,2026-09-14 11:58:53.318
460,172546,908,0.6762905941891422,2026-09-14 11:58:53.318
461,330675,911,0.6794078423219356,2026-09-14 11:58:53.318
462,327052,911,0.6704639387270378,2026-09-14 11:58:53.318
463,326605,923,0.6895416254175347,2026-09-14 11:58:53.318
464,326695,923,0.6753602229453988,2026-09-14 11:58:53.318
465,329345,934,0.7298923317501309,2026-09-14 11:58:53.318
466,331523,935,0.6811498707327145,2026-09-14 11:58:53.318
467,333830,935,0.6801251732436587,2026-09-14 11:58:53.318
468,324514,943,0.6986925417281799,2026-09-14 11:58:53.318
469,327260,943,0.6843200145085101,2026-09-14 11:58:53.318
470,329033,943,0.6803254283656137,2026-09-14 11:58:53.318
471,326254,945,0.6982399837390691,2026-09-14 11:58:53.318
472,330444,945,0.6720769740386363,2026-09-14 11:58:53.318
473,143476,948,0.6774602463628152,2026-09-14 11:58:53.318
474,327087,955,0.7469937364742661,2026-09-14 11:58:53.318
475,330444,955,0.6716473955626114,2026-09-14 11:58:53.318
476,143476,959,0.7218910580831407,2026-09-14 11:58:53.318
477,330602,967,0.6780590571958683,2026-09-14 11:58:53.318
478,329573,979,0.6858479829488455,2026-09-14 11:58:53.318
479,326972,986,0.6872344701886537,2026-09-14 11:58:53.318
480,333506,986,0.6832546428767169,2026-09-14 11:58:53.318
481,330713,1003,0.6824330874249668,2026-09-14 11:58:53.318
482,243266,1003,0.6804861306875797,2026-09-14 11:58:53.318
483,66307,1009,0.7195658105103211,2026-09-14 11:58:53.318
484,324514,1012,0.6859157095300755,2026-09-14 11:58:53.318
485,327087,1014,0.7759625488537645,2026-09-14 11:58:53.318
486,325579,1014,0.683483650932954,2026-09-14 11:58:53.318
487,329931,1017,0.6972652384271173,2026-09-14 11:58:53.318
488,329931,1020,0.6823869361441434,2026-09-14 11:58:53.318
489,324078,1026,0.6759134571780082,2026-09-14 11:58:53.318
490,324078,1039,0.6809197290388094,2026-09-14 11:58:53.318
491,329573,1041,0.6761484729618257,2026-09-14 11:58:53.318
492,143476,1043,0.6803623961352142,2026-09-14 11:58:53.318
493,324949,1052,0.7423345427803542,2026-09-14 11:58:53.318
494,324577,1052,0.7410313519481285,2026-09-14 11:58:53.318
495,326041,1052,0.7258281258530003,2026-09-14 11:58:53.318
496,143476,1058,0.6758559700576339,2026-09-14 11:58:53.318
497,327087,1060,0.7001977070978258,2026-09-14 11:58:53.318
498,327166,1082,0.697065094603111,2026-09-14 11:58:53.318
499,328754,1082,0.6916714746329558,2026-09-14 11:58:53.318
500,326985,1082,0.6882058758887662,2026-09-14 11:58:53.318
501,326972,1083,0.7109051627923735,2026-09-14 11:58:53.318
502,333506,1083,0.7077463081728063,2026-09-14 11:58:53.318
503,326131,1083,0.6868228416441509,2026-09-14 11:58:53.318
504,66307,1101,0.6784212908813344,2026-09-14 11:58:53.318
505,243266,1102,0.6718729523752925,2026-09-14 11:58:53.318
506,328784,1110,0.6847719172682563,2026-09-14 11:58:53.318
507,326220,1117,0.6751531924667058,2026-09-14 11:58:53.318
508,66307,1118,0.6820785685268314,2026-09-14 11:58:53.318
509,325984,1146,0.6723477848462126,2026-09-14 11:58:53.318
510,326277,1148,0.6933099604800481,2026-09-14 11:58:53.318
511,327087,1157,0.7202778690244189,2026-09-14 11:58:53.318
512,325745,1157,0.6843733401382868,2026-09-14 11:58:53.318
513,325579,1157,0.6791862461558076,2026-09-14 11:58:53.318
514,328521,1162,0.6734076113280224,2026-09-14 11:58:53.318
515,327854,1173,0.6923643741633528,2026-09-14 11:58:53.318
516,324898,1179,0.7140505819221292,2026-09-14 11:58:53.318
517,328557,1179,0.71372147228955,2026-09-14 11:58:53.318
518,329356,1179,0.7108778833051356,2026-09-14 11:58:53.318
519,328521,1197,0.6806946762707429,2026-09-14 11:58:53.318
520,329345,1224,0.6967908691306831,2026-09-14 11:58:53.318
521,328521,1234,0.6936151207795367,2026-09-14 11:58:53.318
522,328521,1238,0.7010937126383296,2026-09-14 11:58:53.318
523,329693,1238,0.6773287914866006,2026-09-14 11:58:53.318
524,326254,1242,0.7226236519161006,2026-09-14 11:58:53.318
525,325271,1242,0.6779154045270099,2026-09-14 11:58:53.318
526,143476,1243,0.7143949712563109,2026-09-14 11:58:53.318
527,331970,1253,0.6850302267436168,2026-09-14 11:58:53.318
528,327087,1255,0.7239761890293616,2026-09-14 11:58:53.318
529,324552,1255,0.6924114182269586,2026-09-14 11:58:53.318
530,324514,1255,0.6816206229760372,2026-09-14 11:58:53.318
531,143476,1258,0.6926649517074674,2026-09-14 11:58:53.318
532,326277,1259,0.6913305820597088,2026-09-14 11:58:53.318
533,328521,1297,0.7003964939641538,2026-09-14 11:58:53.318
534,172546,1302,0.6937638093593845,2026-09-14 11:58:53.318
535,329633,1302,0.67985920137545,2026-09-14 11:58:53.318
536,194516,1310,0.6952952497479041,2026-09-14 11:58:53.318
537,329275,1310,0.6839364785426834,2026-09-14 11:58:53.318
538,330205,1310,0.6780819771510752,2026-09-14 11:58:53.318
539,327854,1314,0.6921376030049747,2026-09-14 11:58:53.318
540,324514,1315,0.6782699787761662,2026-09-14 11:58:53.318
541,327854,1343,0.6714613887330276,2026-09-14 11:58:53.318
542,324514,1346,0.6987524260879125,2026-09-14 11:58:53.318
543,166833,1349,0.6861811371438983,2026-09-14 11:58:53.318
544,328431,1349,0.680250380101661,2026-09-14 11:58:53.318
545,329573,1372,0.6717559158393023,2026-09-14 11:58:53.318
546,328521,1379,0.6727927060419454,2026-09-14 11:58:53.318
547,326972,1382,0.6799409576661178,2026-09-14 11:58:53.318
548,333506,1382,0.6725003672685771,2026-09-14 11:58:53.318
549,333389,1383,0.6762898066149408,2026-09-14 11:58:53.318
550,333471,1386,0.685666722991494,2026-09-14 11:58:53.318
551,328784,1386,0.6732892111495339,2026-09-14 11:58:53.318
552,333390,1393,0.6734588416339267,2026-09-14 11:58:53.318
553,331953,1394,0.6715781714688455,2026-09-14 11:58:53.318
554,329931,1407,0.672782317844398,2026-09-14 11:58:53.318
555,324898,1411,0.7013951213546535,2026-09-14 11:58:53.318
556,328557,1411,0.6908290009532593,2026-09-14 11:58:53.318
557,329356,1411,0.6830485576366759,2026-09-14 11:58:53.318
558,66307,1412,0.7093627208356403,2026-09-14 11:58:53.318
559,329931,1420,0.696866132711459,2026-09-14 11:58:53.318
560,324532,1422,0.6902197424945781,2026-09-14 11:58:53.318
561,143476,1430,0.6741304645408988,2026-09-14 11:58:53.318
562,143476,1444,0.6898225994005799,2026-09-14 11:58:53.318
563,324577,1449,0.7066095575806052,2026-09-14 11:58:53.318
564,324949,1449,0.7060758066914156,2026-09-14 11:58:53.318
565,326041,1449,0.69923495115297,2026-09-14 11:58:53.318
566,166833,1450,0.6949199340807127,2026-09-14 11:58:53.318
567,324047,1450,0.6786567628446382,2026-09-14 11:58:53.318
568,328431,1450,0.6775695701673523,2026-09-14 11:58:53.318
569,327087,1453,0.7556176072476695,2026-09-14 11:58:53.318
570,325745,1456,0.6757931652210616,2026-09-14 11:58:53.318
571,330444,1456,0.6741422533500508,2026-09-14 11:58:53.318
572,327087,1456,0.6727702167191958,2026-09-14 11:58:53.318
573,143476,1458,0.676299336692894,2026-09-14 11:58:53.318
574,143476,1459,0.6723395410907189,2026-09-14 11:58:53.318
575,324949,1460,0.7092536290859867,2026-09-14 11:58:53.318
576,324577,1460,0.7005716747197608,2026-09-14 11:58:53.318
577,326041,1460,0.6835193947506659,2026-09-14 11:58:53.318
578,325936,1480,0.6784318088632685,2026-09-14 11:58:53.318
579,327016,1486,0.7331673799659293,2026-09-14 11:58:53.318
580,328754,1486,0.7319152053038491,2026-09-14 11:58:53.318
581,327166,1486,0.7289358241330375,2026-09-14 11:58:53.318
582,327166,1490,0.6975469040684548,2026-09-14 11:58:53.318
583,328754,1490,0.6947753742299473,2026-09-14 11:58:53.318
584,331550,1490,0.6921908268787982,2026-09-14 11:58:53.318
585,331922,1493,0.6730420337492751,2026-09-14 11:58:53.318
586,333389,1493,0.6719812332993021,2026-09-14 11:58:53.318
587,332955,1495,0.7328023104404047,2026-09-14 11:58:53.318
588,328940,1495,0.7169185554779036,2026-09-14 11:58:53.318
589,328754,1495,0.7141518094345937,2026-09-14 11:58:53.318
590,328521,1497,0.677100608841816,2026-09-14 11:58:53.318
591,333389,1498,0.6849078386859518,2026-09-14 11:58:53.318
592,327854,1505,0.6821721784005591,2026-09-14 11:58:53.318
593,326505,1521,0.6722135030740936,2026-09-14 11:58:53.318
594,329573,1523,0.6951620789202734,2026-09-14 11:58:53.318
595,328521,1544,0.7318650224878364,2026-09-14 11:58:53.318
596,325249,1545,0.6755371581122361,2026-09-14 11:58:53.318
597,19885,1549,0.6823506556491896,2026-09-14 11:58:53.318
598,19174,1549,0.6719189804891278,2026-09-14 11:58:53.318
599,328944,1550,0.670559098873947,2026-09-14 11:58:53.318
600,327854,1552,0.6747659470565609,2026-09-14 11:58:53.318
601,327087,1555,0.7448576805107873,2026-09-14 11:58:53.318
602,325579,1555,0.6794957247778131,2026-09-14 11:58:53.318
603,330444,1555,0.6767282703518716,2026-09-14 11:58:53.318
604,326041,1557,0.7388112525572678,2026-09-14 11:58:53.318
605,324949,1557,0.7123884099472105,2026-09-14 11:58:53.318
606,324577,1557,0.6949885871840958,2026-09-14 11:58:53.318
607,327087,1558,0.6803714260826285,2026-09-14 11:58:53.318
608,324535,1558,0.6734622957813635,2026-09-14 11:58:53.318
609,329033,1558,0.6732335565411076,2026-09-14 11:58:53.318
610,327087,1559,0.7447356705476136,2026-09-14 11:58:53.318
611,333389,1585,0.6806945430923925,2026-09-14 11:58:53.318
612,333390,1585,0.6729125831433856,2026-09-14 11:58:53.318
613,328754,1588,0.7755282127267165,2026-09-14 11:58:53.318
614,326985,1588,0.7754783977729276,2026-09-14 11:58:53.318
615,331550,1588,0.7735561152335519,2026-09-14 11:58:53.318
616,328754,1589,0.6814638027774964,2026-09-14 11:58:53.318
617,327016,1589,0.6763357867314377,2026-09-14 11:58:53.318
618,327854,1607,0.7538512257780696,2026-09-14 11:58:53.318
619,328521,1625,0.6784174080788781,2026-09-14 11:58:53.318
620,328521,1630,0.674203751642997,2026-09-14 11:58:53.318
621,329607,1632,0.6745364198815174,2026-09-14 11:58:53.318
622,331668,1639,0.7172164036371725,2026-09-14 11:58:53.318
623,324144,1639,0.7013040054583188,2026-09-14 11:58:53.318
624,331534,1639,0.6884392259462673,2026-09-14 11:58:53.318
625,243266,1646,0.6904744073744918,2026-09-14 11:58:53.318
626,327087,1647,0.7617849510843755,2026-09-14 11:58:53.318
627,330444,1647,0.6736934870322522,2026-09-14 11:58:53.318
628,143476,1648,0.691271137284812,2026-09-14 11:58:53.318
629,22902,1648,0.6767984056394315,2026-09-14 11:58:53.318
630,324949,1651,0.7069029757760655,2026-09-14 11:58:53.318
631,326041,1651,0.6971465659277176,2026-09-14 11:58:53.318
632,324577,1651,0.6920226064590569,2026-09-14 11:58:53.318
633,324949,1652,0.7324007516025205,2026-09-14 11:58:53.318
634,324577,1652,0.7306313196574177,2026-09-14 11:58:53.318
635,326041,1652,0.7030643632804212,2026-09-14 11:58:53.318
636,328521,1683,0.7222193000718699,2026-09-14 11:58:53.318
637,332955,1686,0.7460567753397706,2026-09-14 11:58:53.318
638,331550,1686,0.7300086637632736,2026-09-14 11:58:53.318
639,328754,1686,0.7293589994028745,2026-09-14 11:58:53.318
640,327762,1687,0.6816913824694864,2026-09-14 11:58:53.318
641,327016,1693,0.6700398729977511,2026-09-14 11:58:53.318
642,327087,1701,0.6850690658998653,2026-09-14 11:58:53.318
643,324577,1701,0.6713143124127965,2026-09-14 11:58:53.318
644,324949,1701,0.6703327148531336,2026-09-14 11:58:53.318
645,332380,1702,0.6849536705902274,2026-09-14 11:58:53.318
646,66307,1706,0.7117924111976421,2026-09-14 11:58:53.318
647,329931,1707,0.6800345749856505,2026-09-14 11:58:53.318
648,329633,1711,0.6871810873462413,2026-09-14 11:58:53.318
649,66307,1714,0.682662921666247,2026-09-14 11:58:53.318
650,331668,1715,0.6887157912138339,2026-09-14 11:58:53.318
651,329931,1717,0.6887234314976599,2026-09-14 11:58:53.318
652,327087,1737,0.7229043206310161,2026-09-14 11:58:53.318
653,328521,1740,0.671379338106886,2026-09-14 11:58:53.318
654,325249,1743,0.6891898064375569,2026-09-14 11:58:53.318
655,326254,1743,0.681323440363883,2026-09-14 11:58:53.318
656,326277,1749,0.684826835963194,2026-09-14 11:58:53.318
657,329573,1754,0.6717618048173326,2026-09-14 11:58:53.318
658,333388,1758,0.6721077511035299,2026-09-14 11:58:53.318
659,327854,1765,0.6735838712631649,2026-09-14 11:58:53.318
660,327016,1784,0.6701958967929194,2026-09-14 11:58:53.318
661,333389,1788,0.6875367383490941,2026-09-14 11:58:53.318
662,327166,1788,0.6874845031821932,2026-09-14 11:58:53.318
663,328754,1788,0.6855113824560277,2026-09-14 11:58:53.318
664,327016,1793,0.6924105508305957,2026-09-14 11:58:53.318
665,327166,1793,0.6772063884967103,2026-09-14 11:58:53.318
666,327165,1793,0.6770388862291776,2026-09-14 11:58:53.318
667,326985,1797,0.7081925334973865,2026-09-14 11:58:53.318
668,328754,1797,0.7078283324343021,2026-09-14 11:58:53.318
669,327016,1797,0.7067384314124139,2026-09-14 11:58:53.318
670,326985,1798,0.6771161344248382,2026-09-14 11:58:53.318
671,329931,1804,0.69657600972477,2026-09-14 11:58:53.318
672,172546,1810,0.6777027268600526,2026-09-14 11:58:53.318
673,172546,1812,0.6914350857985245,2026-09-14 11:58:53.318
674,329633,1812,0.6783789690326133,2026-09-14 11:58:53.318
675,172546,1814,0.6706751347207739,2026-09-14 11:58:53.318
676,330048,1825,0.6979163761496767,2026-09-14 11:58:53.318
677,243266,1841,0.6704127934266598,2026-09-14 11:58:53.318
678,327087,1842,0.7587013747232548,2026-09-14 11:58:53.318
679,325579,1842,0.6881255274701106,2026-09-14 11:58:53.318
680,330444,1842,0.6789419603990147,2026-09-14 11:58:53.318
681,324949,1843,0.6876306274982673,2026-09-14 11:58:53.318
682,324577,1843,0.6710145526795119,2026-09-14 11:58:53.318
683,325249,1845,0.6759230493223293,2026-09-14 11:58:53.318
684,333388,1852,0.6839566811307655,2026-09-14 11:58:53.318
685,331277,1853,0.7093792938759426,2026-09-14 11:58:53.318
686,329831,1853,0.7038600219154869,2026-09-14 11:58:53.318
687,150560,1853,0.6999398104031745,2026-09-14 11:58:53.318
688,325745,1857,0.6917573151733322,2026-09-14 11:58:53.318
689,325745,1860,0.6860543171481119,2026-09-14 11:58:53.318
690,327087,1860,0.6817504611871751,2026-09-14 11:58:53.318
691,325579,1860,0.6742459424688101,2026-09-14 11:58:53.318
692,325936,1875,0.6739096014576128,2026-09-14 11:58:53.318
693,333351,1881,0.6700275252731448,2026-09-14 11:58:53.318
694,326985,1884,0.7052439692373896,2026-09-14 11:58:53.318
695,327166,1884,0.7032154511279519,2026-09-14 11:58:53.318
696,327016,1884,0.7026652728958931,2026-09-14 11:58:53.318
697,324535,1888,0.6990738277503495,2026-09-14 11:58:53.318
698,329033,1888,0.6805468323197323,2026-09-14 11:58:53.318
699,333506,1898,0.7125503392857755,2026-09-14 11:58:53.318
700,326972,1898,0.7074401530936838,2026-09-14 11:58:53.318
701,326131,1898,0.6851047858667619,2026-09-14 11:58:53.318
702,328754,1899,0.6967241739593468,2026-09-14 11:58:53.318
703,327016,1899,0.6910648559062048,2026-09-14 11:58:53.318
704,332955,1899,0.6835867704398824,2026-09-14 11:58:53.318
705,324188,1901,0.6707088285296418,2026-09-14 11:58:53.318
706,324188,1909,0.6925545002183845,2026-09-14 11:58:53.318
707,329013,1914,0.688616927582939,2026-09-14 11:58:53.318
708,324178,1914,0.677379313293077,2026-09-14 11:58:53.318
709,324947,1919,0.6800230394024732,2026-09-14 11:58:53.318
710,329987,1919,0.6761984543563169,2026-09-14 11:58:53.318
711,329947,1919,0.6752422594593798,2026-09-14 11:58:53.318
712,324996,1922,0.6814100802393014,2026-09-14 11:58:53.318
713,329987,1922,0.6727174748868505,2026-09-14 11:58:53.318
714,324947,1924,0.6797884492605591,2026-09-14 11:58:53.318
715,329987,1925,0.6724149412028394,2026-09-14 11:58:53.318
716,332662,1931,0.6805676363811997,2026-09-14 11:58:53.318
717,324947,1931,0.6716999293056328,2026-09-14 11:58:53.318
718,332603,1935,0.6846459005580797,2026-09-14 11:58:53.318
719,329987,1938,0.6890845690959145,2026-09-14 11:58:53.318
720,326133,1948,0.6750936425541595,2026-09-14 11:58:53.318
721,328092,1949,0.6726704799824468,2026-09-14 11:58:53.318
722,332155,1950,0.680428400551797,2026-09-14 11:58:53.318
723,329013,1950,0.6788169219569922,2026-09-14 11:58:53.318
724,329987,1951,0.6955653268379915,2026-09-14 11:58:53.318
725,329987,1957,0.6897150075975073,2026-09-14 11:58:53.318
726,330500,1957,0.6835229202544301,2026-09-14 11:58:53.318
727,324996,1957,0.6770669492288912,2026-09-14 11:58:53.318
728,20275,1961,0.6857112253539324,2026-09-14 11:58:53.318
729,328092,1969,0.6835493302733091,2026-09-14 11:58:53.318
730,329987,1969,0.6765398711463132,2026-09-14 11:58:53.318
731,329947,1969,0.6737130498572835,2026-09-14 11:58:53.318
732,324947,1971,0.6828663493750879,2026-09-14 11:58:53.318
733,324947,1981,0.6815093508280626,2026-09-14 11:58:53.318
734,324947,1990,0.6755508489965732,2026-09-14 11:58:53.318
735,329987,1991,0.6755153727819309,2026-09-14 11:58:53.318
736,324996,1997,0.6810929228371765,2026-09-14 11:58:53.318
737,329987,1997,0.6706747424514876,2026-09-14 11:58:53.318
738,333193,2001,0.705300659451936,2026-09-14 11:58:53.318
739,333097,2001,0.6990972554214394,2026-09-14 11:58:53.318
740,333148,2001,0.6783243869403954,2026-09-14 11:58:53.318
741,325534,2006,0.6742409167822428,2026-09-14 11:58:53.318
742,333415,2006,0.6712782335954526,2026-09-14 11:58:53.318
743,325534,2008,0.6841184285552993,2026-09-14 11:58:53.318
744,333415,2008,0.6716703212554648,2026-09-14 11:58:53.318
745,329931,2016,0.7569072046927128,2026-09-14 11:58:53.318
746,329931,2017,0.7103764729623858,2026-09-14 11:58:53.318
747,332512,2039,0.6704652782090038,2026-09-14 11:58:53.318
748,143476,2055,0.6828566669880698,2026-09-14 11:58:53.318
749,143476,2056,0.6940389990937031,2026-09-14 11:58:53.318
750,143476,2059,0.7058680912096815,2026-09-14 11:58:53.318
751,143476,2076,0.6769857656109382,2026-09-14 11:58:53.318
752,66242,2094,0.6779890518993871,2026-09-14 11:58:53.318
753,324137,2094,0.6777747953939329,2026-09-14 11:58:53.318
754,326423,2110,0.6829047192709253,2026-09-14 11:58:53.318
755,329678,2113,0.6921107755432857,2026-09-14 11:58:53.318
756,329678,2133,0.7165399049033812,2026-09-14 11:58:53.318
757,329678,2145,0.6831051241651034,2026-09-14 11:58:53.318
758,329678,2149,0.6907062412962534,2026-09-14 11:58:53.318
759,324742,2155,0.6735220216876783,2026-09-14 11:58:53.318
760,332209,2156,0.6959746120499938,2026-09-14 11:58:53.318
761,332172,2156,0.675770955698492,2026-09-14 11:58:53.318
762,324742,2159,0.6730180262956232,2026-09-14 11:58:53.318
763,324211,2160,0.6972933957475207,2026-09-14 11:58:53.318
764,331394,2162,0.708063439328428,2026-09-14 11:58:53.318
765,333877,2162,0.6906677553308335,2026-09-14 11:58:53.318
766,332857,2162,0.6856488628934975,2026-09-14 11:58:53.318
767,332857,2164,0.6858201554906255,2026-09-14 11:58:53.318
768,333026,2164,0.6815470796550549,2026-09-14 11:58:53.318
769,330068,2164,0.6767469671300675,2026-09-14 11:58:53.318
770,327773,2166,0.7030821691539483,2026-09-14 11:58:53.318
771,331353,2179,0.679174817905697,2026-09-14 11:58:53.318
772,330007,2179,0.6760932554055475,2026-09-14 11:58:53.318
773,326056,2181,0.6829603071020142,2026-09-14 11:58:53.318
774,324562,2181,0.678122958495109,2026-09-14 11:58:53.318
775,326805,2183,0.7586079078016221,2026-09-14 11:58:53.318
776,331267,2183,0.6731971787562432,2026-09-14 11:58:53.318
777,332610,2199,0.6957549066872989,2026-09-14 11:58:53.318
778,324945,2200,0.7058653450898718,2026-09-14 11:58:53.318
779,326624,2201,0.6970663818351017,2026-09-14 11:58:53.318
780,327819,2209,0.6992397322839792,2026-09-14 11:58:53.318
781,324131,2209,0.6895583732489639,2026-09-14 11:58:53.318
782,329492,2209,0.6836184056412834,2026-09-14 11:58:53.318
783,194516,2212,0.6851537132833149,2026-09-14 11:58:53.318
784,232452,2212,0.6715090482590903,2026-09-14 11:58:53.318
785,327087,2222,0.6824437745477153,2026-09-14 11:58:53.318
786,326254,2223,0.7831137588710553,2026-09-14 11:58:53.318
787,325249,2223,0.7363445017031585,2026-09-14 11:58:53.318
788,325271,2223,0.7300327016599566,2026-09-14 11:58:53.318
789,328940,2230,0.7361293081017513,2026-09-14 11:58:53.318
790,328754,2230,0.7326823213684576,2026-09-14 11:58:53.318
791,332955,2230,0.730045333715659,2026-09-14 11:58:53.318
